"DATA (YYYY-MM-DD)","temp_avg"
2020-01-01,"28.1583333333333"
2020-01-02,"26.0916666666667"
2020-01-03,"23.5333333333333"
2020-01-04,"24.5375"
2020-01-05,"24.8166666666667"
2020-01-06,"26.1166666666667"
2020-01-07,"27.6"
2020-01-08,"26.3125"
2020-01-09,"27.1458333333333"
2020-01-10,"27.525"
2020-01-11,"29.0416666666667"
2020-01-12,"27.6541666666667"
2020-01-13,"25.275"
2020-01-14,"25.175"
2020-01-15,"25.7041666666667"
2020-01-16,"28.9666666666667"
2020-01-17,"25.1583333333333"
2020-01-18,"22.3875"
2020-01-19,"23.8833333333333"
2020-01-20,"23.7416666666667"
2020-01-21,"23.6541666666667"
2020-01-22,"23.925"
2020-01-23,"23.1833333333333"
2020-01-24,"23.2666666666667"
2020-01-25,"23.6375"
2020-01-26,"23.1958333333333"
2020-01-27,"25.95"
2020-01-28,"26.8125"
2020-01-29,"27.1625"
2020-01-30,"29.2916666666667"
2020-01-31,"28.7916666666667"
2020-02-01,"26.9333333333333"
2020-02-02,"26.2583333333333"
2020-02-03,"25.9166666666667"
2020-02-04,"25.8625"
2020-02-05,"25.5041666666667"
2020-02-06,"24.8583333333333"
2020-02-07,"26.225"
2020-02-08,"26.2333333333333"
2020-02-09,"28.8625"
2020-02-10,"25.2416666666667"
2020-02-11,"22.3666666666667"
2020-02-12,"21.6375"
2020-02-13,"22.7458333333333"
2020-02-14,"23.45"
2020-02-15,"24.975"
2020-02-16,"27.0541666666667"
2020-02-17,"26.9291666666667"
2020-02-18,"28.2333333333333"
2020-02-19,"29.6583333333333"
2020-02-20,"28.0291666666667"
2020-02-21,"25.4166666666667"
2020-02-22,"23.2166666666667"
2020-02-23,"22.2041666666667"
2020-02-24,"23.225"
2020-02-25,"25.7666666666667"
2020-02-26,"27.7791666666667"
2020-02-27,"23.4333333333333"
2020-02-28,"21.4541666666667"
2020-02-29,"23.5208333333333"
2020-03-01,"22.7333333333333"
2020-03-02,"21.2333333333333"
2020-03-03,"23.2208333333333"
2020-03-04,"22.9458333333333"
2020-03-05,"22.2875"
2020-03-06,"22.325"
2020-03-07,"22.4"
2020-03-08,"23.375"
2020-03-09,"24.4666666666667"
2020-03-10,"24.5958333333333"
2020-03-11,"24.0583333333333"
2020-03-12,"23.7666666666667"
2020-03-13,"25.4583333333333"
2020-03-14,"25.4208333333333"
2020-03-15,"26.425"
2020-03-16,"26.6791666666667"
2020-03-17,"25.3291666666667"
2020-03-18,"24.8125"
2020-03-19,"26.4375"
2020-03-20,"26.6666666666667"
2020-03-21,"23.425"
2020-03-22,"23.4916666666667"
2020-03-23,"22.9625"
2020-03-24,"21.8916666666667"
2020-03-25,"21.7125"
2020-03-26,"21.8458333333333"
2020-03-27,"23.0833333333333"
2020-03-28,"23.9541666666667"
2020-03-29,"24.5041666666667"
2020-03-30,"24.0833333333333"
2020-03-31,"24.6083333333333"
2020-04-01,"24.375"
2020-04-02,"25.5833333333333"
2020-04-03,"27.1875"
2020-04-04,"22.8166666666667"
2020-04-05,"22.6916666666667"
2020-04-06,"24.1541666666667"
2020-04-07,"23.8333333333333"
2020-04-08,"21.8291666666667"
2020-04-09,"21.1541666666667"
2020-04-10,"20.8833333333333"
2020-04-11,"20.9458333333333"
2020-04-12,"20.8041666666667"
2020-04-13,"21.9125"
2020-04-14,"23.6958333333333"
2020-04-15,"24.3208333333333"
2020-04-16,"22.8458333333333"
2020-04-17,"21.4708333333333"
2020-04-18,"21.4458333333333"
2020-04-19,"21.2625"
2020-04-20,"21.5"
2020-04-21,"21.325"
2020-04-22,"22.0583333333333"
2020-04-23,"22.7583333333333"
2020-04-24,"22.3916666666667"
2020-04-25,"21.4625"
2020-04-26,"22.8583333333333"
2020-04-27,"22.0791666666667"
2020-04-28,"22.0541666666667"
2020-04-29,"21.9458333333333"
2020-04-30,"22.6416666666667"
2020-05-01,"21.4375"
2020-05-02,"22.3125"
2020-05-03,"19.8125"
2020-05-04,"19.3666666666667"
2020-05-05,"21.2708333333333"
2020-05-06,"23.1833333333333"
2020-05-07,"19.4875"
2020-05-08,"18.55"
2020-05-09,"18.6869565217391"
2020-05-10,"22.4692307692308"
2020-05-11,"19.4875"
2020-05-12,"19.6541666666667"
2020-05-13,"20.3583333333333"
2020-05-14,"21.375"
2020-05-15,"19.475"
2020-05-16,"20.8"
2020-05-17,"21.1291666666667"
2020-05-18,"21.6208333333333"
2020-05-19,"21.55"
2020-05-20,"21.0083333333333"
2020-05-21,"21.1583333333333"
2020-05-22,"22.175"
2020-05-23,"24.3541666666667"
2020-05-24,"24.4625"
2020-05-25,"22.7"
2020-05-26,"22.33"
2020-05-27,"21.9"
2020-05-28,"21.14"
2020-05-29,"22.59"
2020-05-30,"23.23"
2020-05-31,"24.84"
2020-06-01,"25.55"
2020-06-02,"23.8"
2020-06-03,"24.6166666666667"
2020-06-04,"24.9"
2020-06-05,"25.64"
2020-06-06,"27.325"
2020-06-07,"27.55"
2020-06-08,"25.0888888888889"
2020-06-09,"28.1875"
2020-06-10,"25.9833333333333"
2020-06-11,"28.6777777777778"
2020-06-12,"29.95"
2020-06-13,"28.96"
2020-06-14,"25.755"
2020-06-15,"22.55"
2020-06-16,"23.1125"
2020-06-17,"24.1555555555556"
2020-06-18,"23.67"
2020-06-19,"25.6111111111111"
2020-06-20,"27.4111111111111"
2020-06-21,"29.7555555555556"
2020-06-22,"27.925"
2020-06-23,"26.8625"
2020-06-24,"22.625"
2020-06-25,"20.0291666666667"
2020-06-26,"22.1416666666667"
2020-06-27,"21.6208333333333"
2020-06-28,"19.1041666666667"
2020-06-29,"19.0958333333333"
2020-06-30,"20.1291666666667"
2020-07-01,"24.625"
2020-07-02,"19.6458333333333"
2020-07-03,"19.0666666666667"
2020-07-04,"18.7"
2020-07-05,"20.0208333333333"
2020-07-06,"21.225"
2020-07-07,"21.2666666666667"
2020-07-08,"23.3958333333333"
2020-07-09,"20.2708333333333"
2020-07-10,"18.8416666666667"
2020-07-11,"20.8666666666667"
2020-07-12,"23.2083333333333"
2020-07-13,"23.9458333333333"
2020-07-14,"20.0791666666667"
2020-07-15,"18.1583333333333"
2020-07-16,"18.3625"
2020-07-17,"18.7458333333333"
2020-07-18,"20.2666666666667"
2020-07-19,"20.6416666666667"
2020-07-20,"20.0291666666667"
2020-07-21,"19.9291666666667"
2020-07-22,"20.8375"
2020-07-23,"19.9458333333333"
2020-07-24,"20.8541666666667"
2020-07-25,"21.8791666666667"
2020-07-26,"20.7041666666667"
2020-07-27,"22.1041666666667"
2020-07-28,"22.8958333333333"
2020-07-29,"21.9708333333333"
2020-07-30,"19.15"
2020-07-31,"18.9166666666667"
2020-08-01,"19.6"
2020-08-02,"18.8583333333333"
2020-08-03,"17.85"
2020-08-04,"18.1125"
2020-08-05,"19.1541666666667"
2020-08-06,"19.3708333333333"
2020-08-07,"19.4458333333333"
2020-08-08,"19.2625"
2020-08-09,"19.6416666666667"
2020-08-10,"20.4958333333333"
2020-08-11,"21.3333333333333"
2020-08-12,"20.85"
2020-08-13,"22.2416666666667"
2020-08-14,"23.7625"
2020-08-15,"24.0708333333333"
2020-08-16,"20.4666666666667"
2020-08-17,"22.3625"
2020-08-18,"22.925"
2020-08-19,"23.1"
2020-08-20,"21.55"
2020-08-21,"18.0333333333333"
2020-08-22,"16.5708333333333"
2020-08-23,"17.1458333333333"
2020-08-24,"17.1875"
2020-08-25,"17.6208333333333"
2020-08-26,"17.7041666666667"
2020-08-27,"19.2208333333333"
2020-08-28,"21.9708333333333"
2020-08-29,"23.8375"
2020-08-30,"24.8083333333333"
2020-08-31,"22.4916666666667"
2020-09-01,"22.7625"
2020-09-02,"22.5"
2020-09-03,"23.9333333333333"
2020-09-04,"26.4333333333333"
2020-09-05,"22.5916666666667"
2020-09-06,"22.1583333333333"
2020-09-07,"21.5875"
2020-09-08,"22.4416666666667"
2020-09-09,"22.2833333333333"
2020-09-10,"24.6208333333333"
2020-09-11,"22.5541666666667"
2020-09-12,"25.975"
2020-09-13,"23.6375"
2020-09-14,"26.4375"
2020-09-15,"22.9916666666667"
2020-09-16,"23.8125"
2020-09-17,"24.9125"
2020-09-18,"23.9041666666667"
2020-09-19,"24.1583333333333"
2020-09-20,"22.0833333333333"
2020-09-21,"22.575"
2020-09-22,"19.4625"
2020-09-23,"20.1166666666667"
2020-09-24,"22.0083333333333"
2020-09-25,"22.3875"
2020-09-26,"22.8791666666667"
2020-09-27,"26.4375"
2020-09-28,"25.15"
2020-09-29,"24.5"
2020-09-30,"25.8541666666667"
2020-10-01,"27.2166666666667"
2020-10-02,"28.7708333333333"
2020-10-03,"25.3833333333333"
2020-10-04,"23.1708333333333"
2020-10-05,"24.2833333333333"
2020-10-06,"25.1375"
2020-10-07,"25.1666666666667"
2020-10-08,"25.0708333333333"
2020-10-09,"23.8291666666667"
2020-10-10,"22.4125"
2020-10-11,"20.1"
2020-10-12,"21.7625"
2020-10-13,"23.7125"
2020-10-14,"25.1541666666667"
2020-10-15,"23.1333333333333"
2020-10-16,"21.0375"
2020-10-17,"20.525"
2020-10-18,"21.7416666666667"
2020-10-19,"23.9166666666667"
2020-10-20,"24.2083333333333"
2020-10-21,"23.5208333333333"
2020-10-22,"22.8916666666667"
2020-10-23,"22.2583333333333"
2020-10-24,"22.8958333333333"
2020-10-25,"24.0916666666667"
2020-10-26,"22.6708333333333"
2020-10-27,"23.8125"
2020-10-28,"26.0416666666667"
2020-10-29,"23.8083333333333"
2020-10-30,"22.6916666666667"
2020-10-31,"20.125"
2020-11-01,"19.4625"
2020-11-02,"19.45"
2020-11-03,"19.8291666666667"
2020-11-04,"20.6875"
2020-11-05,"19.5166666666667"
2020-11-06,"20.0916666666667"
2020-11-07,"20.6166666666667"
2020-11-08,"22.0208333333333"
2020-11-09,"23.7583333333333"
2020-11-10,"24.0916666666667"
2020-11-11,"23.7125"
2020-11-12,"24.1"
2020-11-13,"24.0541666666667"
2020-11-14,"24.2541666666667"
2020-11-15,"24.8625"
2020-11-16,"26.6"
2020-11-17,"25.0208333333333"
2020-11-18,"22.2666666666667"
2020-11-19,"22.3541666666667"
2020-11-20,"20.8541666666667"
2020-11-21,"21.4125"
2020-11-22,"22.4541666666667"
2020-11-23,"21.9875"
2020-11-24,"24.1791666666667"
2020-11-25,"24.5541666666667"
2020-11-26,"26.8375"
2020-11-27,"26.0791666666667"
2020-11-28,"24.6416666666667"
2020-11-29,"26.7708333333333"
2020-11-30,"27.0083333333333"
2020-12-01,"25.8791666666667"
2020-12-02,"24.6375"
2020-12-03,"26.975"
2020-12-04,"27.575"
2020-12-05,"24.7791666666667"
2020-12-06,"23.1041666666667"
2020-12-07,"23.8083333333333"
2020-12-08,"24.5"
2020-12-09,"24.0333333333333"
2020-12-10,"23.4166666666667"
2020-12-11,"24.05"
2020-12-12,"25.6458333333333"
2020-12-13,"24.9625"
2020-12-14,"29.0458333333333"
2020-12-15,"27.275"
2020-12-16,"26.5125"
2020-12-17,"25.5958333333333"
2020-12-18,"26.65"
2020-12-19,"26.1833333333333"
2020-12-20,"27.2708333333333"
2020-12-21,"27.325"
2020-12-22,"24.5916666666667"
2020-12-23,"22.6416666666667"
2020-12-24,"21.4"
2020-12-25,"22.575"
2020-12-26,"23.675"
2020-12-27,"23.7958333333333"
2020-12-28,"24.5208333333333"
2020-12-29,"26.1458333333333"
2020-12-30,"26.55"
2020-12-31,"28.2083333333333"
2021-01-01,"24.9666666666667"
2021-01-02,"23.1958333333333"
2021-01-03,"23.2916666666667"
2021-01-04,"24.6291666666667"
2021-01-05,"25.2625"
2021-01-06,"27.5"
2021-01-07,"27.875"
2021-01-08,"27.4166666666667"
2021-01-09,"26.5083333333333"
2021-01-10,"27.5"
2021-01-11,"27.6375"
2021-01-12,"27.6666666666667"
2021-01-13,"27.0916666666667"
2021-01-14,"26.2375"
2021-01-15,"26.0291666666667"
2021-01-16,"27.8583333333333"
2021-01-17,"28.3625"
2021-01-18,"28.6291666666667"
2021-01-19,"25.8541666666667"
2021-01-20,"25.6833333333333"
2021-01-21,"25.5333333333333"
2021-01-22,"26.0958333333333"
2021-01-23,"27.05"
2021-01-24,"26.1458333333333"
2021-01-25,"26.625"
2021-01-26,"26.925"
2021-01-27,"29.1375"
2021-01-28,"28.6958333333333"
2021-01-29,"28.425"
2021-01-30,"29.0333333333333"
2021-01-31,"29.1666666666667"
2021-02-01,"29.3041666666667"
2021-02-02,"28.4833333333333"
2021-02-03,"27.3916666666667"
2021-02-04,"29.3333333333333"
2021-02-05,"25.3083333333333"
2021-02-06,"21.925"
2021-02-07,"22.2833333333333"
2021-02-08,"21.8583333333333"
2021-02-09,"23.1916666666667"
2021-02-10,"23.5916666666667"
2021-02-11,"24.3416666666667"
2021-02-12,"25.2666666666667"
2021-02-13,"25.8541666666667"
2021-02-14,"26.2458333333333"
2021-02-15,"24.3291666666667"
2021-02-16,"25.0333333333333"
2021-02-17,"25.675"
2021-02-18,"26.7291666666667"
2021-02-19,"25.0208333333333"
2021-02-20,"25.9416666666667"
2021-02-21,"25.1416666666667"
2021-02-22,"24.9166666666667"
2021-02-23,"24.95"
2021-02-24,"26.4125"
2021-02-25,"24.3833333333333"
2021-02-26,"24.5291666666667"
2021-02-27,"24.4208333333333"
2021-02-28,"26.175"
2021-03-01,"25.875"
2021-03-02,"26.1958333333333"
2021-03-03,"26.3791666666667"
2021-03-04,"27.1041666666667"
2021-03-05,"26.6625"
2021-03-06,"26.075"
2021-03-07,"23.2291666666667"
2021-03-08,"23.9583333333333"
2021-03-09,"24.4875"
2021-03-10,"24.3166666666667"
2021-03-11,"24.7666666666667"
2021-03-12,"25.7333333333333"
2021-03-13,"25.9"
2021-03-14,"26.0875"
2021-03-15,"25.8666666666667"
2021-03-16,"25.6625"
2021-03-17,"25.6625"
2021-03-18,"26.6041666666667"
2021-03-19,"26.0625"
2021-03-20,"25.6791666666667"
2021-03-21,"26.05"
2021-03-22,"26.5541666666667"
2021-03-23,"25.1708333333333"
2021-03-24,"24.9625"
2021-03-25,"24.9"
2021-03-26,"26.475"
2021-03-27,"26.8916666666667"
2021-03-28,"26.1083333333333"
2021-03-29,"27.3083333333333"
2021-03-30,"26.2333333333333"
2021-03-31,"23.6333333333333"
2021-04-01,"23.4541666666667"
2021-04-02,"23.6125"
2021-04-03,"22.8541666666667"
2021-04-04,"23.825"
2021-04-05,"22.5625"
2021-04-06,"23.0208333333333"
2021-04-07,"23.075"
2021-04-08,"22.3708333333333"
2021-04-09,"23.8333333333333"
2021-04-10,"23.2291666666667"
2021-04-11,"23.3666666666667"
2021-04-12,"25.4208333333333"
2021-04-13,"23.6833333333333"
2021-04-14,"22.5208333333333"
2021-04-15,"21.3916666666667"
2021-04-16,"22.1375"
2021-04-17,"22.6541666666667"
2021-04-18,"23.2875"
2021-04-19,"23.6166666666667"
2021-04-20,"23.4041666666667"
2021-04-21,"22.4083333333333"
2021-04-22,"20.7125"
2021-04-23,"21.0541666666667"
2021-04-24,"21.1791666666667"
2021-04-25,"22.8416666666667"
2021-04-26,"22.075"
2021-04-27,"22.125"
2021-04-28,"22.425"
2021-04-29,"21.0166666666667"
2021-04-30,"20.2416666666667"
2021-05-01,"20.9041666666667"
2021-05-02,"21.6083333333333"
2021-05-03,"21.0166666666667"
2021-05-04,"21.6625"
2021-05-05,"22.825"
2021-05-06,"22.3583333333333"
2021-05-07,"20.825"
2021-05-08,"19.9416666666667"
2021-05-09,"19.9958333333333"
2021-05-10,"20.1416666666667"
2021-05-11,"20.0291666666667"
2021-05-12,"20.6333333333333"
2021-05-13,"19.8208333333333"
2021-05-14,"19.9125"
2021-05-15,"19.5583333333333"
2021-05-16,"21.1541666666667"
2021-05-17,"21.2"
2021-05-18,"19.6958333333333"
2021-05-19,"20.0375"
2021-05-20,"20.5375"
2021-05-21,"21.925"
2021-05-22,"22.7291666666667"
2021-05-23,"23.725"
2021-05-24,"20.8833333333333"
2021-05-25,"18.7166666666667"
2021-05-26,"19.1166666666667"
2021-05-27,"21.6"
2021-05-28,"22.9375"
2021-05-29,"27.9166666666667"
2021-05-30,"22.4375"
2021-05-31,"20.4583333333333"
2021-06-01,"21.1458333333333"
2021-06-02,"21.8375"
2021-06-03,"21.8375"
2021-06-04,"20.975"
2021-06-05,"22.45"
2021-06-06,"21.8833333333333"
2021-06-07,"20.8125"
2021-06-08,"21.8958333333333"
2021-06-09,"21.9541666666667"
2021-06-10,"21.7625"
2021-06-11,"21.1708333333333"
2021-06-12,"19.6541666666667"
2021-06-13,"18.4083333333333"
2021-06-14,"18.15"
2021-06-15,"18.1"
2021-06-16,"18.7958333333333"
2021-06-17,"18.2416666666667"
2021-06-18,"18.9416666666667"
2021-06-19,"19.0041666666667"
2021-06-20,"23.0625"
2021-06-21,"20.7125"
2021-06-22,"17.8291666666667"
2021-06-23,"19.0916666666667"
2021-06-24,"18.0583333333333"
2021-06-25,"20.7375"
2021-06-26,"19.9208333333333"
2021-06-27,"20.9041666666667"
2021-06-28,"19.45"
2021-06-29,"18.8708333333333"
2021-06-30,"16.8666666666667"
2021-07-01,"15.2083333333333"
2021-07-02,"15.55"
2021-07-03,"17.5625"
2021-07-04,"18.2125"
2021-07-05,"16.925"
2021-07-06,"17.7208333333333"
2021-07-07,"17.925"
2021-07-08,"17.3791666666667"
2021-07-09,"17.9375"
2021-07-10,"18.7916666666667"
2021-07-11,"18.8791666666667"
2021-07-12,"17.8958333333333"
2021-07-13,"19.3125"
2021-07-14,"20.7416666666667"
2021-07-15,"21.2583333333333"
2021-07-16,"20.7208333333333"
2021-07-17,"19.6416666666667"
2021-07-18,"19.7333333333333"
2021-07-19,"18.4958333333333"
2021-07-20,"14.0916666666667"
2021-07-21,"14.4541666666667"
2021-07-22,"16.8791666666667"
2021-07-23,"18.8083333333333"
2021-07-24,"18.2166666666667"
2021-07-25,"19.4833333333333"
2021-07-26,"20.8875"
2021-07-27,"22.025"
2021-07-28,"19.0166666666667"
2021-07-29,"15.8416666666667"
2021-07-30,"14.5291666666667"
2021-07-31,"15.0333333333333"
2021-08-01,"16.9416666666667"
2021-08-02,"16.7208333333333"
2021-08-03,"16.4208333333333"
2021-08-04,"16.6833333333333"
2021-08-05,"17.2041666666667"
2021-08-06,"19.1541666666667"
2021-08-07,"18.9083333333333"
2021-08-08,"20.0125"
2021-08-09,"20.1125"
2021-08-10,"21.0916666666667"
2021-08-11,"19.6791666666667"
2021-08-12,"19.3916666666667"
2021-08-13,"18.9833333333333"
2021-08-14,"18.5"
2021-08-15,"20.1958333333333"
2021-08-16,"20.8625"
2021-08-17,"21.35"
2021-08-18,"22.7166666666667"
2021-08-19,"22.1375"
2021-08-20,"23.075"
2021-08-21,"19.8208333333333"
2021-08-22,"21.3375"
2021-08-23,"23.4291666666667"
2021-08-24,"22.9041666666667"
2021-08-25,"24.1291666666667"
2021-08-26,"27.6"
2021-08-27,"23.3375"
2021-08-28,"21.5208333333333"
2021-08-29,"21.0875"
2021-08-30,"20.3291666666667"
2021-08-31,"19.8391304347826"
2021-09-01,"20.6909090909091"
2021-09-02,"20.9136363636364"
2021-09-03,"23.1136363636364"
2021-09-04,"22.8590909090909"
2021-09-05,"21.7954545454545"
2021-09-06,"20.8045454545455"
2021-09-07,"22.2090909090909"
2021-09-08,"24.2272727272727"
2021-09-09,"24.8818181818182"
2021-09-10,"22.8818181818182"
2021-09-11,"21.8454545454545"
2021-09-12,"22.4909090909091"
2021-09-13,"25.2181818181818"
2021-09-14,"27.8818181818182"
2021-09-15,"25.1863636363636"
2021-09-16,"21.65"
2021-09-17,"20.7181818181818"
2021-09-18,"21.5045454545455"
2021-09-19,"22.0363636363636"
2021-09-20,"25.0863636363636"
2021-09-21,"25.3727272727273"
2021-09-22,"20.05"
2021-09-23,"18.6954545454545"
2021-09-24,"20.1272727272727"
2021-09-25,"20.4227272727273"
2021-09-26,"21.3545454545455"
2021-09-27,"21.0954545454545"
2021-09-28,"24.3590909090909"
2021-09-29,"23.3272727272727"
2021-09-30,"21.8681818181818"
2021-10-01,"22.6954545454545"
2021-10-02,"25.0954545454545"
2021-10-03,"24.5727272727273"
2021-10-04,"24.5727272727273"
2021-10-05,"21.2590909090909"
2021-10-06,"21.6136363636364"
2021-10-07,"22.9636363636364"
2021-10-08,"19.3681818181818"
2021-10-09,"19.8727272727273"
2021-10-10,"19.3818181818182"
2021-10-11,"19.4272727272727"
2021-10-12,"20.5636363636364"
2021-10-13,"22.4454545454545"
2021-10-14,"24.1545454545455"
2021-10-15,"27.2727272727273"
2021-10-16,"24.2545454545455"
2021-10-17,"21.3590909090909"
2021-10-18,"20.2608695652174"
2021-10-19,"19.2291666666667"
2021-10-20,"17.0166666666667"
2021-10-21,"18.9375"
2021-10-22,"20.625"
2021-10-23,"23.8541666666667"
2021-10-24,"25.0416666666667"
2021-10-25,"20.7208333333333"
2021-10-26,"21.725"
2021-10-27,"22.475"
2021-10-28,"22.675"
2021-10-29,"22.0666666666667"
2021-10-30,"21.9625"
2021-10-31,"21.925"
2021-11-01,"21.1708333333333"
2021-11-02,"21.825"
2021-11-03,"22.4875"
2021-11-04,"21.9708333333333"
2021-11-05,"21.85"
2021-11-06,"20.6875"
2021-11-07,"20.7958333333333"
2021-11-08,"21.2708333333333"
2021-11-09,"21.2958333333333"
2021-11-10,"20.95"
2021-11-11,"20.0541666666667"
2021-11-12,"18.9458333333333"
2021-11-13,"18.2833333333333"
2021-11-14,"20.3416666666667"
2021-11-15,"21.1875"
2021-11-16,"22.7791666666667"
2021-11-17,"24.3416666666667"
2021-11-18,"24.0666666666667"
2021-11-19,"22.9666666666667"
2021-11-20,"21.6458333333333"
2021-11-21,"20.8416666666667"
2021-11-22,"20.875"
2021-11-23,"22.1125"
2021-11-24,"21.7"
2021-11-25,"23.2625"
2021-11-26,"25.525"
2021-11-27,"26.4416666666667"
2021-11-28,"24.0083333333333"
2021-11-29,"26.3166666666667"
2021-11-30,"24.9416666666667"
2021-12-01,"24.8791666666667"
2021-12-02,"24.0708333333333"
2021-12-03,"23.1833333333333"
2021-12-04,"22.9"
2021-12-05,"24.7166666666667"
2021-12-06,"24.4916666666667"
2021-12-07,"22.0833333333333"
2021-12-08,"20.7583333333333"
2021-12-09,"21.7458333333333"
2021-12-10,"22.2625"
2021-12-11,"24.0125"
2021-12-12,"24.8791666666667"
2021-12-13,"24.8666666666667"
2021-12-14,"26.2208333333333"
2021-12-15,"27.475"
2021-12-16,"27.2541666666667"
2021-12-17,"25.6375"
2021-12-18,"24.0875"
2021-12-19,"23.0916666666667"
2021-12-20,"22.9208333333333"
2021-12-21,"24.9625"
2021-12-22,"26.4625"
2021-12-23,"23.45"
2021-12-24,"22.7375"
2021-12-25,"22.0708333333333"
2021-12-26,"23.2291666666667"
2021-12-27,"23.3833333333333"
2021-12-28,"23.475"
2021-12-29,"24.6041666666667"
2021-12-30,"23.9583333333333"
2021-12-31,"23.5041666666667"
2022-01-01,"25.0541666666667"
2022-01-02,"26.2791666666667"
2022-01-03,"27.4166666666667"
2022-01-04,"28.0541666666667"
2022-01-05,"28.3458333333333"
2022-01-06,"26.0208333333333"
2022-01-07,"24.0791666666667"
2022-01-08,"23.2666666666667"
2022-01-09,"22.1708333333333"
2022-01-10,"21.9083333333333"
2022-01-11,"23.5791666666667"
2022-01-12,"24.6583333333333"
2022-01-13,"25.4916666666667"
2022-01-14,"27.0083333333333"
2022-01-15,"26.1208333333333"
2022-01-16,"26.3916666666667"
2022-01-17,"27.0666666666667"
2022-01-18,"29.0666666666667"
2022-01-19,"27.0375"
2022-01-20,"26.5208333333333"
2022-01-21,"26.2833333333333"
2022-01-22,"26.0625"
2022-01-23,"26.1375"
2022-01-24,"26.6416666666667"
2022-01-25,"27.1791666666667"
2022-01-26,"27.95"
2022-01-27,"30.3625"
2022-01-28,"26.1541666666667"
2022-01-29,"24.9916666666667"
2022-01-30,"24.7291666666667"
2022-01-31,"25.0916666666667"
2022-02-01,"26.3708333333333"
2022-02-02,"24.8625"
2022-02-03,"25.4916666666667"
2022-02-04,"26.2625"
2022-02-05,"28.2208333333333"
2022-02-06,"27.95"
2022-02-07,"25.7666666666667"
2022-02-08,"23.6291666666667"
2022-02-09,"22.1375"
2022-02-10,"22.525"
2022-02-11,"22.9708333333333"
2022-02-12,"23.8291666666667"
2022-02-13,"24.2166666666667"
2022-02-14,"26.125"
2022-02-15,"24.8291666666667"
2022-02-16,"24.7708333333333"
2022-02-17,"24.5041666666667"
2022-02-18,"23.5416666666667"
2022-02-19,"23.5333333333333"
2022-02-20,"25.0583333333333"
2022-02-21,"25.9583333333333"
2022-02-22,"25.6625"
2022-02-23,"25.5541666666667"
2022-02-24,"24.7875"
2022-02-25,"25.3625"
2022-02-26,"25.5791666666667"
2022-02-27,"25.9958333333333"
2022-02-28,"26.6666666666667"
2022-03-01,"28.0625"
2022-03-02,"27.6041666666667"
2022-03-03,"26.7875"
2022-03-04,"24.7666666666667"
2022-03-05,"25.8958333333333"
2022-03-06,"27.4958333333333"
2022-03-07,"28.0208333333333"
2022-03-08,"27.4083333333333"
2022-03-09,"26.05"
2022-03-10,"27.1375"
2022-03-11,"27.325"
2022-03-12,"26.075"
2022-03-13,"25.4916666666667"
2022-03-14,"25.9583333333333"
2022-03-15,"25.7958333333333"
2022-03-16,"27.2041666666667"
2022-03-17,"28.1041666666667"
2022-03-18,"28.0875"
2022-03-19,"27.7833333333333"
2022-03-20,"25.4833333333333"
2022-03-21,"23.1166666666667"
2022-03-22,"21.7375"
2022-03-23,"24.4666666666667"
2022-03-24,"25.4875"
2022-03-25,"27.7458333333333"
2022-03-26,"27.2083333333333"
2022-03-27,"25.5083333333333"
2022-03-28,"25.6166666666667"
2022-03-29,"25.1833333333333"
2022-03-30,"26.5375"
2022-03-31,"24.9208333333333"
2022-04-01,"23.4791666666667"
2022-04-02,"24.1416666666667"
2022-04-03,"24.9791666666667"
2022-04-04,"25.8958333333333"
2022-04-05,"25.0125"
2022-04-06,"24.2458333333333"
2022-04-07,"23.5375"
2022-04-08,"24.6083333333333"
2022-04-09,"25.45"
2022-04-10,"24.5"
2022-04-11,"24.325"
2022-04-12,"25.0833333333333"
2022-04-13,"25.725"
2022-04-14,"24.1208333333333"
2022-04-15,"20.7958333333333"
2022-04-16,"19.9166666666667"
2022-04-17,"20.1125"
2022-04-18,"20.0333333333333"
2022-04-19,"20.725"
2022-04-20,"21.1166666666667"
2022-04-21,"21.4291666666667"
2022-04-22,"23.2416666666667"
2022-04-23,"26.7958333333333"
2022-04-24,"24.1875"
2022-04-25,"23.5666666666667"
2022-04-26,"23.3208333333333"
2022-04-27,"24.4083333333333"
2022-04-28,"25.5625"
2022-04-29,"24.2208333333333"
2022-04-30,"22.4416666666667"
2022-05-01,"23.4041666666667"
2022-05-02,"24.0375"
2022-05-03,"25.3083333333333"
2022-05-04,"24.4916666666667"
2022-05-05,"23.9166666666667"
2022-05-06,"22.15"
2022-05-07,"19.3875"
2022-05-08,"20.6583333333333"
2022-05-09,"20.5458333333333"
2022-05-10,"19.9666666666667"
2022-05-11,"22.0583333333333"
2022-05-12,"22.4041666666667"
2022-05-13,"21.6416666666667"
2022-05-14,"22.25"
2022-05-15,"20.65"
2022-05-16,"21.4375"
2022-05-17,"20.6727272727273"
2022-05-18,"18.8"
2022-05-19,"18.165"
2022-05-20,"17.7791666666667"
2022-05-21,"17.4875"
2022-05-22,"18.1791666666667"
2022-05-23,"18.6375"
2022-05-24,"19.4916666666667"
2022-05-25,"24.95"
2022-05-26,"22.2266666666667"
2022-05-27,"20.4333333333333"
2022-05-28,"20.25"
2022-05-29,"21.1541666666667"
2022-05-30,"21.4166666666667"
2022-05-31,"22.3041666666667"
2022-06-01,"22.3708333333333"
2022-06-02,"21.3666666666667"
2022-06-03,"19.6333333333333"
2022-06-04,"18.6833333333333"
2022-06-05,"18.4041666666667"
2022-06-06,"18.2333333333333"
2022-06-07,"19.7041666666667"
2022-06-08,"20.9208333333333"
2022-06-09,"20.8833333333333"
2022-06-10,"21.5333333333333"
2022-06-11,"18.9"
2022-06-12,"18.425"
2022-06-13,"17.6166666666667"
2022-06-14,"18.175"
2022-06-15,"17.3208333333333"
2022-06-16,"17.2916666666667"
2022-06-17,"18.3541666666667"
2022-06-18,"18.4458333333333"
2022-06-19,"18.6125"
2022-06-20,"19.4958333333333"
2022-06-21,"20.15"
2022-06-22,"22.0833333333333"
2022-06-23,"20.325"
2022-06-24,"19.5083333333333"
2022-06-25,"19.2916666666667"
2022-06-26,"18.8791666666667"
2022-06-27,"17.8"
2022-06-28,"17.3791666666667"
2022-06-29,"19.4291666666667"
2022-06-30,"20.4666666666667"
2022-07-01,"18.5125"
2022-07-02,"20.2625"
2022-07-03,"20.1875"
2022-07-04,"19.1875"
2022-07-05,"20.15"
2022-07-06,"19.4416666666667"
2022-07-07,"20.2041666666667"
2022-07-08,"19.5083333333333"
2022-07-09,"18.5875"
2022-07-10,"21.1708333333333"
2022-07-11,"21.7416666666667"
2022-07-12,"24.675"
2022-07-13,"21.5625"
2022-07-14,"21.7041666666667"
2022-07-15,"22.8291666666667"
2022-07-16,"22.1833333333333"
2022-07-17,"23.3125"
2022-07-18,"21.6583333333333"
2022-07-19,"21.8166666666667"
2022-07-20,"21.7958333333333"
2022-07-21,"20.8083333333333"
2022-07-22,"20.0583333333333"
2022-07-23,"20.575"
2022-07-24,"20.45"
2022-07-25,"19.2916666666667"
2022-07-26,"19.2125"
2022-07-27,"21.1166666666667"
2022-07-28,"22.0666666666667"
2022-07-29,"20.7958333333333"
2022-07-30,"17.975"
2022-07-31,"17.6"
2022-08-01,"19.4"
2022-08-02,"19.8541666666667"
2022-08-03,"19.2"
2022-08-04,"22.2208333333333"
2022-08-05,"24.8"
2022-08-06,"19.6833333333333"
2022-08-07,"20.5625"
2022-08-08,"20.6041666666667"
2022-08-09,"20.6166666666667"
2022-08-10,"20.5166666666667"
2022-08-11,"18.575"
2022-08-12,"18.275"
2022-08-13,"18.2083333333333"
2022-08-14,"19.0916666666667"
2022-08-15,"20.7875"
2022-08-16,"22.9416666666667"
2022-08-17,"21.1583333333333"
2022-08-18,"24.4833333333333"
2022-08-19,"19.6"
2022-08-20,"16.4041666666667"
2022-08-21,"16.8833333333333"
2022-08-22,"17.7666666666667"
2022-08-23,"18.8583333333333"
2022-08-24,"19.4458333333333"
2022-08-25,"20.1041666666667"
2022-08-26,"22.1875"
2022-08-27,"22.5708333333333"
2022-08-28,"23.7458333333333"
2022-08-29,"18.9625"
2022-08-30,"16.4125"
2022-08-31,"17.1875"
2022-09-01,"17.9083333333333"
2022-09-02,"20.0541666666667"
2022-09-03,"19.225"
2022-09-04,"18.0458333333333"
2022-09-05,"18.3541666666667"
2022-09-06,"20.15"
2022-09-07,"19.0875"
2022-09-08,"24.25"
2022-09-09,"24.4791666666667"
2022-09-10,"24.0083333333333"
2022-09-11,"19.0166666666667"
2022-09-12,"18.6041666666667"
2022-09-13,"21.4416666666667"
2022-09-14,"21.0708333333333"
2022-09-15,"19.6166666666667"
2022-09-16,"17.5416666666667"
2022-09-17,"19.1923076923077"
2022-09-18,"16.8541666666667"
2022-09-19,"18.45"
2022-09-20,"20.3875"
2022-09-21,"21.0166666666667"
2022-09-22,"20.8083333333333"
2022-09-23,"19.8166666666667"
2022-09-24,"18.2625"
2022-09-25,"19.85"
2022-09-26,"20.0458333333333"
2022-09-27,"22.9375"
2022-09-28,"20.4416666666667"
2022-09-29,"18.7833333333333"
2022-09-30,"18.75"
2022-10-01,"20.325"
2022-10-02,"20.5958333333333"
2022-10-03,"20.2541666666667"
2022-10-04,"20.5083333333333"
2022-10-05,"21.0375"
2022-10-06,"23.5708333333333"
2022-10-07,"24.1291666666667"
2022-10-08,"22.975"
2022-10-09,"22.9416666666667"
2022-10-10,"22.0541666666667"
2022-10-11,"25.3416666666667"
2022-10-12,"22.3083333333333"
2022-10-13,"23.5416666666667"
2022-10-14,"22.5375"
2022-10-15,"23.6666666666667"
2022-10-16,"22.0416666666667"
2022-10-17,"22.3875"
2022-10-18,"23.2041666666667"
2022-10-19,"23.3375"
2022-10-20,"23.9875"
2022-10-21,"24.3583333333333"
2022-10-22,"24.8958333333333"
2022-10-23,"22.3833333333333"
2022-10-24,"22.9625"
2022-10-25,"22.6291666666667"
2022-10-26,"22.2958333333333"
2022-10-27,"26.0833333333333"
2022-10-28,"25.2166666666667"
2022-10-29,"25.5"
2022-10-30,"26.8125"
2022-10-31,"26.1333333333333"
2022-11-01,"21.7666666666667"
2022-11-02,"18.5"
2022-11-03,"17.7958333333333"
2022-11-04,"18.1041666666667"
2022-11-05,"19.3833333333333"
2022-11-06,"19.8041666666667"
2022-11-07,"18.4875"
2022-11-08,"18.6041666666667"
2022-11-09,"21.5166666666667"
2022-11-10,"22.3583333333333"
2022-11-11,"23.4791666666667"
2022-11-12,"23.8541666666667"
2022-11-13,"23.5416666666667"
2022-11-14,"25.4041666666667"
2022-11-15,"26.0125"
2022-11-16,"22.6625"
2022-11-17,"21.6375"
2022-11-18,"20.7125"
2022-11-19,"20.8083333333333"
2022-11-20,"22.2083333333333"
2022-11-21,"23.9541666666667"
2022-11-22,"25.8166666666667"
2022-11-23,"25.2916666666667"
2022-11-24,"22.7875"
2022-11-25,"22.3166666666667"
2022-11-26,"22.6625"
2022-11-27,"23.4458333333333"
2022-11-28,"24.2291666666667"
2022-11-29,"24.275"
2022-11-30,"25.1916666666667"
2022-12-01,"25.7958333333333"
2022-12-02,"27.6833333333333"
2022-12-03,"26.35"
2022-12-04,"27.35"
2022-12-05,"26.3416666666667"
2022-12-06,"24.7416666666667"
2022-12-07,"24.5458333333333"
2022-12-08,"23.5166666666667"
2022-12-09,"22.9166666666667"
2022-12-10,"23.0875"
2022-12-11,"24.975"
2022-12-12,"27.0291666666667"
2022-12-13,"25.3333333333333"
2022-12-14,"22.4833333333333"
2022-12-15,"22.3166666666667"
2022-12-16,"23.4375"
2022-12-17,"22.7833333333333"
2022-12-18,"22.6916666666667"
2022-12-19,"22.1041666666667"
2022-12-20,"20.7583333333333"
2022-12-21,"21.9708333333333"
2022-12-22,"22.25"
2022-12-23,"21.5208333333333"
2022-12-24,"23.2083333333333"
2022-12-25,"24.5875"
2022-12-26,"25.1083333333333"
2022-12-27,"26.925"
2022-12-28,"26.3"
2022-12-29,"26.1041666666667"
2022-12-30,"22.4375"
2022-12-31,"24.0791666666667"
2023-01-01,"24.6833333333333"
2023-01-02,"25.8791666666667"
2023-01-03,"27.775"
2023-01-04,"26.9166666666667"
2023-01-05,"23.1791666666667"
2023-01-06,"21.6375"
2023-01-07,"19.95"
2023-01-08,"21.25"
2023-01-09,"21.7708333333333"
2023-01-10,"23.9416666666667"
2023-01-11,"25.0333333333333"
2023-01-12,"25.9708333333333"
2023-01-13,"27.0791666666667"
2023-01-14,"28.4791666666667"
2023-01-15,"28.725"
2023-01-16,"27.1916666666667"
2023-01-17,"26.3666666666667"
2023-01-18,"25.9458333333333"
2023-01-19,"26.5833333333333"
2023-01-20,"24.8666666666667"
2023-01-21,"24.3166666666667"
2023-01-22,"24.9333333333333"
2023-01-23,"25.15"
2023-01-24,"25.3583333333333"
2023-01-25,"24.9125"
2023-01-26,"23.7291666666667"
2023-01-27,"25.7291666666667"
2023-01-28,"25.4916666666667"
2023-01-29,"25.3375"
2023-01-30,"26.2916666666667"
2023-01-31,"27"
2023-02-01,"26.7791666666667"
2023-02-02,"26.8333333333333"
2023-02-03,"27.0458333333333"
2023-02-04,"28.4666666666667"
2023-02-05,"27.2791666666667"
2023-02-06,"26.7333333333333"
2023-02-07,"26.2041666666667"
2023-02-08,"24.3041666666667"
2023-02-09,"25.1541666666667"
2023-02-10,"25.325"
2023-02-11,"25.0166666666667"
2023-02-12,"24.7416666666667"
2023-02-13,"25.5708333333333"
2023-02-14,"26.2125"
2023-02-15,"29.1541666666667"
2023-02-16,"27.3333333333333"
2023-02-17,"29.0916666666667"
2023-02-18,"27.1041666666667"
2023-02-19,"25.8791666666667"
2023-02-20,"26.075"
2023-02-21,"27.4208333333333"
2023-02-22,"25.3"
2023-02-23,"25.7666666666667"
2023-02-24,"26.8583333333333"
2023-02-25,"27.9166666666667"
2023-02-26,"29.4208333333333"
2023-02-27,"27.1333333333333"
2023-02-28,"26.2333333333333"
2023-03-01,"24.875"
2023-03-02,"25.8375"
2023-03-03,"27.0416666666667"
2023-03-04,"28.0125"
2023-03-05,"27.0708333333333"
2023-03-06,"25.9708333333333"
2023-03-07,"25.8916666666667"
2023-03-08,"25.6708333333333"
2023-03-09,"27.2625"
2023-03-10,"26.2416666666667"
2023-03-11,"25.4375"
2023-03-12,"24.275"
2023-03-13,"25.6791666666667"
2023-03-14,"25.525"
2023-03-15,"24.6916666666667"
2023-03-16,"24.7958333333333"
2023-03-17,"24.3083333333333"
2023-03-18,"25.1583333333333"
2023-03-19,"25.625"
2023-03-20,"26.325"
2023-03-21,"25.3541666666667"
2023-03-22,"24.625"
2023-03-23,"24.9416666666667"
2023-03-24,"25.8375"
2023-03-25,"24.6041666666667"
2023-03-26,"27.2583333333333"
2023-03-27,"24.7916666666667"
2023-03-28,"24.0833333333333"
2023-03-29,"25.3166666666667"
2023-03-30,"26.0708333333333"
2023-03-31,"24.8875"
